Index,Hogwarts House,First Name,Last Name,Birthday,Best Hand,Arithmancy,Astronomy,Herbology,Defense Against the Dark Arts,Divination,Muggle Studies,Ancient Runes,History of Magic,Transfiguration,Potions,Care of Magical Creatures,Charms,Flying
0,,Rico,Sargent,10/6/01,Right,41642,696.0960715,3.020172378,-6.960960715,7.996,-365.1518505,393.1381854,4.207690767,1046.742736,3.668983232,0.373852547,-244.48172,-13.62
1,,Tamara,Shackelford,1/8/98,Left,45352,-370.8446553,2.965226169,3.708446553,6.349,522.580486,602.8530506,6.460017331,1048.053878,8.514622235,0.577432273,-231.292,-26.26
2,,Staci,Crandall,9/15/98,Left,43502,320.3039904,-6.185696587,-3.203039904,4.619,-630.0732069,588.0717953,-5.565818052,936.4373579,1.85082933,-1.647150009,-252.99343,200.15
3,,Dee,Gavin,5/10/01,Right,61831,407.2029277,4.962441603,,,-449.1798058,427.6999656,,1043.397718,4.656572654,1.164707897,-244.0166,-11.15
4,,Gregory,Gustafson,2/1/99,Right,,288.3377471,3.737655971,-2.883377471,4.886,-449.7321661,385.712782,2.876346568,1051.377936,2.750586103,0.102104409,-243.99806,-7.12
5,,Katharine,Ebert,9/25/98,Left,60888,-482.1390964,-7.327170323,4.821390964,-6.611,-525.2725025,359.1481718,5.197858179,1070.712143,10.03246113,-2.185219969,-253.62839,-126.66
6,,Elizebeth,Clemens,12/16/98,Left,46583,-488.0414529,4.276265977,4.880414529,4.916,408.9254737,633.733002,3.577942482,1046.217172,7.922499689,-1.178455682,-231.5856,32.67
7,,Santo,Simonson,1/4/99,Left,42013,675.1440476,4.024691099,-6.751440476,5.108,-590.5148039,409.4206426,4.672595325,1056.701013,7.132861059,0.563117985,-245.93425,13.45
8,,Rosalyn,Gee,9/1/97,Left,27434,-508.7670008,7.146464798,5.087670008,4.586,512.8501337,591.5241864,3.129791632,1040.734232,5.783287107,0.419334369,-229.42604,60.88
9,,Karen,Skaggs,8/11/01,Left,33500,319.8863717,6.558003462,-3.198863717,2.652,-449.9265948,415.7346885,4.754587066,1036.405617,5.773881665,-0.184082311,-242.76836,46.29
10,,Mollie,Donohue,7/7/99,Right,47320,838.6880445,7.307270574,-8.386880445,4.148,-461.4814298,350.3709179,1.788637233,1049.355137,1.58254275,-1.304365866,-247.98054,38.54
11,,Filiberto,Beebe,1/9/00,Left,46821,-592.8400397,-5.193860231,5.928400397,-5.205,,392.4940034,4.430113403,1054.170714,8.89799926,0.202672715,-249.41488,-74.31
12,,Carmen,Washington,2/18/98,Right,54547,-420.4259437,-7.862746375,4.204259437,-2.059,-240.3251463,474.2372032,5.936734829,1031.385628,10.5393157,-2.196523838,-248.69091,-80.08
13,,Milford,Bader,2/1/00,Right,60483,-425.9153614,-4.563680765,4.259153614,-6.922,-487.7828234,386.2096443,3.179448298,1057.987562,8.495121102,0.758081234,-253.07643,-63.92
14,,Nathanael,Holland,8/8/97,Right,46012,-424.8551074,-2.860623587,4.248551074,-4.828,-538.4535201,422.4113046,2.599355454,1056.327058,9.072908001,-1.005776011,-249.44113,-16.04
15,,Nilda,Peyton,6/16/01,Right,58059,511.3930841,4.554058435,,5.257,-621.1801427,320.3215902,7.445043674,1069.634669,4.39077454,-0.875848236,-245.17056,-90.75
16,,Tasha,Lyons,11/30/97,Left,40414,-287.4046382,4.573500186,2.874046382,6.236,324.4447118,587.1697656,3.185660863,1039.069611,5.818117033,0.143678231,-232.80601,36.26
17,,Briana,Diamond,12/24/99,Left,54521,-432.9333259,-4.616780758,4.329333259,-4.632,-709.2826063,386.199391,4.102166348,1072.93051,9.916365625,1.628480849,-250.88116,-75.58
18,,Belle,Jasper,1/28/01,Left,37327,-370.1494448,6.090901717,3.701494448,6.211,617.6647509,615.1761189,3.171363908,1070.323984,7.529848873,0.098972913,-229.40354,24.75
19,,Nathanael,Hanson,4/2/00,Left,46165,593.0073288,1.657752631,-5.930073288,3.995,-552.9535848,365.3742207,5.392873836,1068.495597,7.049343997,-0.505510254,-247.87798,-44.64
20,,Devin,Velasco,7/11/98,Left,68803,349.8697289,6.464247434,-3.498697289,4.254,-679.8208774,353.0444304,,1068.90138,2.049938093,-1.176779555,-245.03147,-39.74
21,,Tami,Preston,7/2/99,Right,52568,-385.8093814,-4.96246571,3.858093814,-5.292,-462.0128347,423.394939,5.459747842,1038.506724,10.33842627,0.753892753,-250.89025,-54.47
22,,Brook,Zapata,3/10/98,Right,10167,-315.5895488,2.299019066,3.155895488,5.292,80.60277789,550.5010068,3.176449215,1044.828664,8.365852626,-0.028707485,-233.9995,56.19
23,,Allan,Mcdade,3/20/01,Left,74358,-577.3753076,3.40903819,5.773753076,5.177,804.4358622,640.2458041,5.218387311,1066.551493,7.347292828,-0.94141214,-230.77467,-62.86
24,,Colin,Rouse,8/19/98,Right,55346,610.0380055,,-6.100380055,7.051,-615.2301811,486.5087294,4.694028734,1056.009135,8.83356029,0.778869178,-244.83219,8.61
25,,Olin,Schumacher,11/27/00,Right,37040,383.7005762,3.520114902,-3.837005762,4.267,-282.053033,400.1516165,6.754121356,1034.963193,5.883460233,-0.873215779,-243.2424,-18.35
26,,Freddy,Jernigan,6/1/97,Right,40696,-537.6509905,1.431912111,5.376509905,4.129,595.0470501,637.1662373,6.513187097,1055.369992,11.5402638,2.134281516,-231.51566,-19.59
27,,Kristal,Beck,12/21/99,Right,65263,-438.7220178,,4.387220178,-6.131,-403.6724411,400.8888679,4.658475488,1038.386735,8.13732856,1.352074625,-252.47707,-78.07
28,,Magdalena,English,3/2/00,Right,72647,535.6919186,-4.71287362,-5.356919186,4.531,-430.6092886,631.4762828,-4.420345486,955.5814241,3.50903379,1.019770249,-253.76253,167.45
29,,Lemuel,Huddleston,8/23/98,Left,63929,-610.4856445,3.032363062,6.104856445,4.605,609.0757039,605.4067155,3.542073854,1064.329086,6.121348178,-0.024520835,-232.17381,-38.96
30,,Ariana,Legg,9/8/00,Left,52616,527.6012758,6.050126669,-5.276012758,5.911,-530.0594337,400.0869405,2.782300474,1050.747369,2.682328552,1.384464422,-244.19834,16.98
31,,Ben,Hughey,7/22/99,Left,49238,286.8891873,3.665554419,-2.868891873,5.58,,435.9557001,3.854298545,1055.147037,5.483182697,-0.695475918,-242.81303,0.76
32,,Paulette,Weeks,3/31/00,Right,74276,429.3800268,-5.150354323,-4.293800268,3.917,-717.8997708,615.0951861,-5.64076831,942.4134069,1.991772255,-0.911025503,-255.29606,187.84
33,,Angeline,Wimberly,6/4/00,Right,63574,447.6387018,5.033653852,-4.476387018,4.265,-627.1640329,374.0170901,4.779062323,1065.27669,4.321173459,-1.134392089,-245.70455,-37.65
34,,Meagan,Romeo,3/31/99,Right,40221,538.4100056,2.981430658,-5.384100056,3.524,-224.3099749,353.4113368,3.679477789,1041.272376,2.774929847,-0.672760532,-247.10056,-15.04
35,,Agustin,Hibbard,8/14/97,Left,51621,-288.2031587,9.402830805,2.882031587,7.119,273.3410668,582.4847291,6.303710412,1064.686169,7.062835369,2.245794085,-228.43012,1.15
36,,Sherwood,Dickerson,10/3/97,Left,45938,680.897392,-3.447588949,-6.80897392,5.742,-460.400474,640.7787744,-4.724288637,961.8600998,5.447672803,-2.871118705,-251.6774,217.76
37,,Oma,Tomlinson,6/20/98,Right,48797,-549.4702135,4.275590692,5.494702135,4.568,625.3112247,608.9401366,6.706888824,1058.59338,9.028632063,-0.056487081,-229.98936,-33.6
38,,Summer,Motley,10/11/00,Right,54372,-506.6702462,-5.078407588,5.066702462,-6.973,-350.8770991,397.4892212,3.006931714,1053.548729,8.456521697,1.125326214,-252.07035,-59.24
39,,Cathryn,Jackman,7/28/97,Left,58605,-592.9949193,4.156799052,5.929949193,4.281,565.2166852,612.9586178,5.573453759,1049.147753,7.383314439,-0.294740299,-231.12774,-25.81
40,,Suzanne,Marvin,3/27/99,Right,45913,-465.3051813,2.354746384,4.653051813,4.497,532.311547,605.2878358,3.717050667,1032.912881,6.490226405,-0.122996399,-233.52648,11.47
41,,Jeannine,Hopson,12/23/00,Left,41129,-522.005607,-5.783493525,5.22005607,-4.955,-482.9556437,401.0277761,5.906923768,1052.353774,10.95558723,-1.198685777,-249.32772,-75.81
42,,Felton,Ayers,10/22/00,Right,41582,712.8197917,7.053433467,-7.128197917,4.685,-438.7528021,,5.549520299,1039.903424,,0.377841786,-244.77196,17.15
43,,Denise,Fryer,9/23/00,Left,74197,-367.8263198,-4.654284317,3.678263198,-3.676,-409.9853851,449.2843756,5.536289711,1011.353978,7.374078283,,-250.76828,-61.29
44,,Eldon,Freedman,12/22/96,Right,74063,399.6312681,5.189909499,-3.996312681,4.527,-510.3580827,335.0138829,,1063.45426,1.50150979,-1.62758388,-245.73654,-82.43
45,,Natalia,Bergman,1/4/97,Left,9014,-255.2326323,2.897033644,2.552326323,6.07,545.8241855,576.5882503,7.520121932,1082.639641,13.15838714,-0.996330114,-229.79917,-18.37
46,,Mei,Dunlap,11/29/96,Left,65557,-360.971033,-5.895356371,3.60971033,-6.637,-352.4233141,407.5843402,2.558715588,1058.409078,8.656110195,0.737190966,-254.08156,-68.69
47,,Dorsey,Milton,10/1/98,Left,26369,870.0634981,-6.199249299,-8.700634981,4.437,-445.6160157,554.8722213,-3.168026584,927.3418809,4.146907652,0.146272327,-256.064,206.59
48,,Charla,Doss,10/16/99,Right,35150,-374.2390236,4.959097785,3.742390236,5.172,815.3132329,585.1703814,4.013615212,1067.60838,7.075334734,-2.206312065,-230.44896,-5.96
49,,Augustus,Tobias,2/2/98,Right,17451,-765.9350072,-4.355497854,7.659350072,-2.344,-546.1562492,391.4225282,6.185903739,1057.131262,10.22197576,0.619928953,-243.17219,-65.37
50,,Dominic,Gregg,5/23/97,Left,44637,-323.3697072,9.678461975,3.233697072,6.264,348.4699971,606.9480127,3.819909536,1046.808909,5.729548757,-0.383630758,-228.9003,59.62
51,,Rudolph,Isbell,8/6/98,Left,41578,635.9601484,4.131627171,-6.359601484,6.625,-473.3355645,385.9883755,0.208533843,1053.051754,1.453610248,-0.549228018,-246.02093,34.89
52,,Shirley,Whiteman,9/15/99,Right,22186,-663.0892087,5.276264041,6.630892087,3.487,172.7071972,542.4520802,4.560653146,1031.834115,6.12535086,-0.09422529,-231.0108,39.01
53,,Les,Tribble,2/1/00,Left,16983,-255.9690798,5.57106751,2.559690798,6.333,419.3146722,594.9875158,3.32176515,1065.762879,8.922138717,-0.503578832,-230.21003,55.38
54,,Hong,Cady,8/23/00,Right,37619,505.4816666,4.384321748,-5.054816666,6.331,-527.3580895,384.9594013,4.642887277,1053.479362,4.66892772,0.397039788,-243.36927,-4.43
55,,Normand,Wallace,5/17/98,Left,42727,-701.6268008,-5.120741723,7.016268008,-2.686,-610.0758199,366.4609824,7.187570052,1048.14949,8.457520505,0.53738103,-246.17299,-112.9
56,,Darrell,Wimberly,8/18/01,Left,38556,-553.282505,-7.870242967,5.53282505,,-370.4064342,388.6947779,6.640549693,1058.217139,11.8572124,0.295778804,-250.14318,-108.02
57,,Brandon,Fine,6/26/98,Left,61279,-393.4885296,3.812411081,3.934885296,6.078,581.4002123,605.185563,5.02252827,1061.367887,7.002986803,-0.461674567,-231.79562,-38.63
58,,Shannon,Reddy,7/2/01,Right,29026,586.0113849,2.364715466,-5.860113849,6.11,-368.7362371,403.5523655,8.277285235,1041.021255,8.300726895,1.135909179,-243.25871,-27.86
59,,Jeramy,Herrera,4/10/99,Left,37002,534.0821508,-4.638493129,-5.340821508,6.097,-507.0388715,580.6501602,-4.435088945,957.637155,3.226146373,-0.537002223,-251.34128,186.74
60,,Andrew,Lauer,1/23/97,Left,43759,422.9056095,-6.934893926,-4.229056095,4.086,-329.5775137,569.3030532,-4.05766654,944.0759361,2.49431288,0.242165004,-253.61265,157.86
61,,Ericka,Carlson,9/28/00,Left,70217,625.3556296,-5.386965422,-6.253556296,2.343,-706.2699781,621.5440373,-5.234120421,944.5442475,4.472214577,2.236102434,-257.75982,205.46
62,,Yesenia,Wentworth,12/9/96,Left,50906,401.9926884,4.289389185,-4.019926884,6.127,-351.7220092,414.7988245,6.772685681,1037.164118,4.821739819,1.069716004,-242.17409,-31.27
63,,Deanna,Melendez,11/29/99,Right,46673,461.1460509,5.074462697,-4.611460509,5.865,-490.8074068,391.2256089,6.267527404,1048.941203,5.015789151,1.41583078,-242.7843,-23.7
64,,Bettye,Villasenor,5/21/97,Left,30996,-579.4450588,4.599200692,5.794450588,4.015,427.7919763,564.838491,2.617822676,1045.610408,5.347644332,0.401211382,-231.72331,31.7
65,,Melissa,Martindale,1/18/98,Left,99744,169.0326735,5.271105666,-1.690326735,3.536,-759.0699195,394.8033218,2.432329366,1079.705159,1.77911357,-0.109311573,-246.46014,-64.38
66,,Elia,Ornelas,3/7/01,Left,47335,,5.077930203,-5.478649243,7.213,-299.572722,388.535601,5.013048,1035.674178,2.161468671,0.063304672,-242.73886,-16.69
67,,Dewitt,Geary,11/22/96,Right,19600,-386.2946365,4.913790427,3.862946365,5.27,176.6535166,573.2277761,5.739720112,1062.792698,10.40316678,-0.215012507,-230.59801,26.41
68,,Kathy,Thibodeaux,9/1/99,Right,44162,472.0709674,5.074169744,-4.720709674,3.182,-238.915522,405.9922409,6.71860996,1026.819009,5.463969302,,-244.23385,-1.89
69,,Taylor,Yarbrough,5/26/99,Right,68534,-505.3476661,5.268869027,5.053476661,5.17,614.2776504,632.155743,4.576593697,1042.131298,5.784011644,0.400525829,-231.12391,-10.76
70,,Benedict,Christopher,1/27/98,Right,41725,-546.2034061,-6.296241654,5.462034061,-4.25,-223.807952,427.2449027,5.485724137,1034.930552,9.558548092,3.205525235,-248.38773,-68.97
71,,Birdie,Haller,7/22/00,Right,57714,-388.385532,-5.34348281,3.88385532,-6.942,-545.608623,390.6225735,2.840614552,1073.195605,10.0679262,1.04215534,-253.65697,-65.4
72,,Wilford,Parks,12/30/96,Left,,734.7834167,-3.744274236,-7.347834167,5.384,-616.0813496,604.6752753,-4.786548518,951.2904909,3.676677539,,-254.08185,208.13
73,,Eleanor,Nathan,11/23/97,Right,32066,-409.7263032,6.036501766,4.097263032,5.417,169.4776426,581.4046955,5.401559558,1036.316107,7.639174531,0.067167745,-230.78352,40.68
74,,Chang,Tallent,9/15/99,Left,54865,353.0543621,-3.969735578,-3.530543621,6.452,-288.7053161,625.8656897,,961.8894421,1.60066261,0.330380938,-249.4093,178.29
75,,Elbert,Potts,5/13/99,Left,44605,513.055182,5.796347011,-5.13055182,6.313,-413.810521,451.3746458,4.97351307,1032.967474,5.312641277,,-242.00769,32.94
76,,Keven,Hager,1/10/99,Left,35535,582.903295,4.841548854,-5.82903295,2.992,-386.913471,433.4551517,3.726787658,1035.051396,6.549406924,0.936139445,-245.83222,58.99
77,,Lynwood,Almond,10/19/97,Right,,291.022048,-6.255449948,-2.91022048,3.951,-466.2814978,593.4903173,-5.191954437,944.939339,0.948743407,1.649182221,-254.0018,151.97
78,,Renaldo,Ngo,12/8/96,Left,4536,-385.7769705,3.049900436,3.857769705,4.361,333.7264117,562.3180267,3.517562058,,9.926702967,2.25236974,-232.14038,46.8
79,,Myra,Wiley,5/6/97,Left,37200,,-5.004776496,-6.050062709,4.689,-947.7679167,546.6778977,-6.411736393,926.0916372,0.872950045,-0.918140206,-256.03311,240.57
80,,Chantal,Macdonald,12/6/99,Right,43735,-628.3705546,0.673022656,6.283705546,3.226,693.8054575,589.5853,4.419397609,1055.313783,7.903262589,-0.923034884,-233.27417,-35.9
81,,Luella,Fuller,12/25/99,Right,70453,463.338651,7.014549251,-4.63338651,3.547,-551.9474924,352.0696428,3.209855579,1058.343369,1.074930659,-0.227172731,-246.36528,-23.88
82,,Wilbur,Salley,8/25/99,Left,72488,-334.8671032,-6.544687941,3.348671032,-3.515,-671.2523274,396.498075,5.662487814,1060.38374,9.652218736,-0.647387657,-252.45307,-117.57
83,,Manuela,Tucker,11/30/97,Right,42474,556.8209864,-6.025279041,-5.568209864,4.185,-691.9108027,573.6421846,-4.083571961,943.7123158,3.985277784,0.885157364,-254.83519,192.17
84,,Lupe,Myrick,3/23/99,Right,68654,413.4608007,,-4.134608007,5.488,-653.3299143,600.0961787,-6.774123439,948.6930529,-0.125635984,0.365662396,-253.15144,192.49
85,,Earline,Singletary,2/13/00,Right,63385,396.3177241,3.51074192,-3.963177241,4.593,-407.4945713,396.5392112,9.095451336,1047.996523,6.701145542,-0.264253277,-243.88771,-82.53
86,,Mohamed,Wills,5/3/01,Left,62249,481.9154272,3.630489795,-4.819154272,3.701,-660.0657009,468.5238858,4.810436711,1058.944463,8.91909769,0.647008769,-246.06211,10.49
87,,Danilo,Whiting,9/4/99,Left,49230,427.8502609,7.144356824,-4.278502609,4.481,-621.9608771,396.9001184,1.96221809,1056.132108,2.916695362,0.60871797,-244.08299,38.72
88,,Alberta,Tomlin,8/17/99,Right,59914,-511.0762561,6.718753761,5.110762561,6.098,585.633652,554.7513676,2.389434249,1040.684014,0.637404529,2.204634973,-230.92879,-7.64
89,,Bruce,Mccool,9/8/00,Left,46922,-376.0172368,8.2019822,3.760172368,6.007,485.3483336,591.3177535,4.482976105,1055.746714,5.866438312,-1.739953547,-229.20374,18.48
90,,Andria,Lees,12/3/96,Left,71589,369.1952642,4.549809155,-3.691952642,4.936,-541.6433762,415.2495224,,1058.920354,1.897211215,0.30488172,-245.83825,-4.13
91,,Erwin,Knudsen,10/1/01,Right,37106,-669.937361,-5.393878622,6.69937361,-5.212,-830.7996267,323.7342404,7.384314554,1077.314505,11.11848796,-0.026686904,-248.80566,-124.65
92,,Jerrold,Lynch,5/29/99,Right,70896,477.2040535,-6.358315777,-4.772040535,2.684,-643.8021143,580.1099879,-5.263805985,936.7165073,1.568147866,0.144381903,-257.48158,171.99
93,,Keven,Emanuel,7/11/00,Right,52045,533.8525263,6.492318628,-5.338525263,3.942,,418.6464451,2.232403645,1037.017267,2.71288003,-0.613027108,-245.25227,45.85
94,,Otto,Muniz,8/24/98,Right,46717,-636.8818119,6.183190469,6.368818119,4.817,770.3896175,568.7892712,5.711948202,1055.491515,5.199295025,1.36963155,-228.40478,-38.13
95,,Domingo,Maloney,12/16/97,Right,29432,-463.2211196,3.186254084,4.632211196,4.853,463.7182955,591.3214058,4.532000513,1041.763593,7.919954038,-0.749162694,-231.74768,20.45
96,,Jon,Patterson,1/25/99,Right,23761,694.9968386,-5.212563901,-6.949968386,5.213,-774.0911463,576.330325,-3.962911102,943.6739836,5.385683794,0.351315509,-253.74136,228.67
97,,Devin,Kuykendall,6/29/99,Right,72835,-488.390242,-5.619550794,4.88390242,-5.062,-397.9954684,408.5534527,4.925187596,1030.769314,7.028466789,-0.659896602,-251.78655,-92.12
98,,Dara,Doty,7/5/97,Right,38819,,5.405685223,,3.787,-241.39711,383.495021,8.980821713,1026.377378,5.809116222,0.166098888,-242.18932,-31.48
99,,Jonas,Worthy,6/25/01,Left,79908,-488.5461167,2.590905346,4.885461167,5.573,686.0464087,624.1116172,5.09384071,1047.660109,5.733111738,0.3697672,-232.89752,-61.56
100,,Alec,Carswell,6/2/99,Right,51723,408.2950077,6.146738209,-4.082950077,3.405,-327.3067823,337.4091211,4.888139,1043.49169,1.427603671,-0.662186454,-244.8318,-30.99
101,,Noemi,Bedard,5/1/98,Left,41238,457.5573671,6.111695607,-4.575573671,5.816,-562.2633448,478.0168459,10.36699507,1035.004325,11.06963362,-0.208598622,-239.6017,5.27
102,,Philip,Ochoa,6/20/99,Right,59614,453.4658105,7.005987921,-4.534658105,5.416,-763.7879172,421.6629573,5.151240782,1062.40021,5.991270414,-0.203630408,-243.00066,3.8
103,,Natalia,Heath,6/22/01,Right,51864,,-3.784141201,5.230767828,-6.267,-407.6034736,389.1781991,1.029058606,1068.609247,7.179153969,-1.585740864,-251.13722,-43.19
104,,Irwin,Hawk,1/29/01,Right,38150,-644.4933929,4.490907234,6.444933929,2.866,179.2761051,592.1080244,6.590827846,1034.327811,9.339240387,1.181659244,-231.56018,17.95
105,,Vernell,Caraballo,9/30/99,Left,,-569.803191,1.068593082,5.69803191,3.731,447.084378,618.8380416,,1064.73843,13.39001301,-0.301627599,-230.89281,13.14
106,,Faye,Watts,11/4/98,Left,57510,405.7347042,7.927740733,-4.057347042,0.718,-449.038077,387.127413,3.390797364,1042.869454,3.336405205,-0.488532612,-246.26357,31.24
107,,Damaris,Beatty,7/23/97,Right,33737,-586.6308455,-3.976544977,5.866308455,,-453.5614382,405.513093,4.835170654,1047.607091,9.207117021,-0.56159791,-246.72453,-47.62
108,,John,Lucas,3/5/01,Left,,-561.8914265,-8.571173123,,-7.491,-422.7621296,351.3334809,5.275056879,1078.532912,10.99614486,-0.069805019,-253.64782,-138.01
109,,Kermit,Main,3/25/98,Left,41369,664.5915295,1.879006385,-6.645915295,5.565,-396.1990717,,6.422716493,1047.681617,7.437203207,-0.268450137,-245.89424,-25.22
110,,Amanda,Giroux,9/30/99,Right,48873,299.3982299,8.660523857,-2.993982299,3.945,-384.4279496,411.086034,0.622971864,1033.02698,-0.099272048,1.458845585,-242.58893,69.7
111,,Flossie,King,3/19/01,Left,66547,-400.754948,-6.655895326,4.00754948,-7.531,-381.1116357,398.7856659,4.351041261,1050.557491,9.644642779,0.449385162,-254.66931,-87.81
112,,Kathi,Royer,4/1/97,Left,13977,442.8125145,-6.089386421,-4.428125145,6.038,-163.7961202,578.661154,-2.898121982,968.8387673,5.507144546,-0.748798873,-248.69507,163.51
113,,Herb,Lorenz,3/4/00,Right,26951,-507.3142981,6.431683811,5.073142981,4.433,205.2099419,593.5243488,6.404254446,1050.875242,10.0610082,-0.388229453,-229.35019,34.89
114,,Kermit,Shay,9/22/98,Left,,692.0931847,4.022092617,-6.920931847,2.942,-322.4970228,425.0646574,6.040969278,1032.954327,8.016668918,1.641906316,-246.56534,27.62
115,,Winford,Heffner,9/2/99,Left,49114,-427.4033799,5.825532357,4.274033799,4.983,521.3306669,634.0641903,5.309596385,1037.188999,7.871969259,1.015896081,-230.50073,25.52
116,,Booker,Aleman,12/25/99,Left,62665,-357.9903271,4.46156251,3.579903271,6.198,605.7648912,640.1596652,,1061.380624,8.408945221,0.774414188,-231.02147,-22.35
117,,Hattie,Herron,7/29/01,Left,36872,,4.90243828,-2.810391476,4.772,-388.1228245,424.3755116,5.601012366,1035.967239,5.497183892,0.25911307,-241.4443,11.69
118,,Margaret,Hyatt,4/29/00,Right,57125,-340.6341612,-7.870889665,,-5.158,-262.2386149,458.1488136,6.257806956,1031.528351,11.89526048,-1.405475314,-252.07488,-74.98
119,,Tamra,Schuler,1/30/98,Left,44931,-716.4226192,5.904932363,7.164226192,3.743,619.9667673,591.6762355,5.858194755,1066.883591,7.905617441,0.639252796,-228.44239,-26.5
120,,Gavin,Bankston,11/5/00,Right,73735,536.6974597,-4.631306122,-5.366974597,3.279,-714.7868122,619.0679674,-5.54056266,956.4723583,3.672937648,1.185605195,-255.98934,191.33
121,,Roslyn,Willard,6/1/99,Left,71073,317.252424,6.207391298,-3.17252424,3.562,-794.9650611,399.93842,2.766277879,1074.101332,4.143997891,0.898166173,-245.46754,-7.73
122,,Eleanor,Knutson,5/19/98,Left,38036,700.7163981,-5.936644456,-7.007163981,4.238,-416.1545901,601.539943,-4.244317073,927.4439068,3.952032502,0.023444909,-254.96557,217.34
123,,Sally,Clanton,6/20/97,Right,49135,659.6600182,-6.944504088,-6.596600182,1.743,-890.7471969,571.8600646,-5.153064648,916.8758938,3.557049173,0.695278695,-259.86678,231.29
124,,Gerry,Oakley,11/17/98,Right,53893,-620.8713282,4.165848059,6.208713282,4.596,481.4180105,574.5978663,5.650401722,1048.644773,6.093897157,0.678998196,-231.10206,-36.93
125,,Beatrice,Gable,9/19/01,Right,67657,-407.6285371,5.762580119,4.076285371,6.243,517.6337443,596.968913,6.032569434,1048.526389,5.714810898,0.638814725,-230.8486,-37.83
126,,Darren,Elston,1/6/97,Right,27800,-615.4931566,-3.466066627,6.154931566,-5.802,-554.2027587,387.7977156,6.108642125,1045.178255,10.71809195,-0.092973622,-247.44911,-42.45
127,,Lyman,Willey,4/12/00,Left,63813,-456.3529141,5.039378065,4.563529141,5.223,561.8444385,556.9012728,6.880623813,1066.849524,6.425223055,0.473214452,-231.30792,-77.09
128,,Antonia,Xiong,10/13/98,Right,43656,596.0361369,1.991310298,-5.960361369,4.277,-492.2840619,419.6777203,6.40540912,1053.996668,8.936894251,-0.626877262,-246.32435,-17.19
129,,Madeline,Goddard,9/18/01,Right,36849,-421.2512292,8.10802688,4.212512292,5.907,845.3760444,629.9192428,6.476987927,1072.335664,9.420869463,-0.088093342,-226.00382,-0.33
130,,Jodi,Littlejohn,8/31/97,Left,31333,-538.8889067,5.034164388,5.388889067,5.093,538.0816384,597.0403925,6.506848207,1073.150221,10.24980858,-0.014008751,-228.4123,-16.09
131,,Mickey,Callaghan,6/16/00,Left,47148,339.3444156,-7.436157194,-3.393444156,5.323,52.49786005,547.5689765,-1.742829607,970.3993531,2.639611936,0.124449549,-250.57923,69.78
132,,Walker,Crawley,5/28/98,Right,34109,654.5140087,-5.133034441,-6.545140087,6.178,-189.7402591,571.2732443,-3.854573129,947.6764785,2.363468808,-0.246507661,-251.755,173
133,,Darrick,Lay,8/25/00,Right,52506,-404.7345082,-6.055030137,4.047345082,-6.793,-398.4047488,404.9074334,4.071324705,1057.560106,10.5513116,0.370216264,-252.83402,-66.61
134,,Earl,Coyne,6/8/98,Left,62934,161.5607912,1.874090868,-1.615607912,7.669,-730.0647224,489.143538,4.689469132,1067.092962,7.659183588,-2.169187648,-241.2211,-26.78
135,,Sabrina,Ackerman,8/2/99,Left,,-594.093215,4.323925316,5.94093215,3.875,681.3868007,611.9426396,2.638283138,1048.022838,5.952052717,-0.419306825,-231.30204,20.28
136,,Brandie,Bozeman,2/5/99,Left,65778,-614.3552898,4.774831279,6.143552898,3.866,660.0111729,580.959449,4.442950177,1047.175813,4.325515583,-0.3086355,-231.95398,-38.2
137,,Mariano,Hutchings,7/30/99,Right,61741,-641.3662055,-5.075863332,6.413662055,-4.507,-691.0864133,343.5774927,7.927912823,1039.0355,7.602147757,0.192841794,-249.54664,-135.05
138,,Robert,Stewart,3/17/97,Left,65129,241.0037224,-5.950611367,-2.410037224,4.133,-448.3294815,609.9516027,-5.360544664,952.6171949,1.840433587,-0.14921309,-252.69629,159.55
139,,Julianna,Meadows,1/30/01,Left,58803,450.2635641,4.854563901,-4.502635641,5.186,-577.7900388,439.5522167,5.85072475,1051.705802,6.764245971,1.441842278,-243.66953,-8.84
140,,Janell,Crawley,12/24/00,Left,64611,364.6823692,-0.335456681,-3.646823692,8.482,-648.1175468,433.9439867,6.38619111,1072.820549,7.376680308,2.880593796,-243.60355,-89.81
141,,Kelley,London,1/3/98,Left,19537,-478.5424276,6.450852836,4.785424276,4.168,253.3498632,571.2308342,4.473924278,1051.904801,8.383659211,-0.623118631,-230.22301,52.82
142,,Lee,Yazzie,8/24/00,Left,56513,426.2284303,,-4.262284303,4.021,-525.993656,553.1890013,-5.028683796,941.2359512,0.559390484,-2.053440025,-255.06362,159.28
143,,Young,Headrick,10/10/01,Left,62745,-500.3462163,4.52292506,5.003462163,5.466,417.030417,541.2054575,5.357666476,1041.285439,3.495920404,0.364042478,-232.55704,-50.32
144,,Rebekah,Brannon,8/25/98,Left,37094,699.4340947,-5.931147528,-6.994340947,4.262,-708.0559809,539.1149695,-5.271279161,917.2162749,0.896571583,1.631620848,-256.99366,219.96
145,,Morton,Oconner,7/24/99,Left,75922,-488.1403071,6.738666665,4.881403071,6.182,350.3468317,663.3143344,4.123539093,1030.133401,5.496187683,0.123249023,-230.55533,25.83
146,,Wes,Fogarty,1/29/01,Right,34120,-527.6538165,6.821601082,5.276538165,5.452,403.6175698,,2.989021541,1051.333774,5.855948988,-0.432712354,-229.27591,45.16
147,,Penelope,Mccullough,3/29/00,Left,55588,532.9227528,1.824757361,-5.329227528,5.594,-548.2195911,409.5451657,4.384626265,1063.531246,6.164800781,0.272889475,-246.37458,-32.35
148,,Joni,Partin,2/12/97,Left,50463,506.0331015,5.606907034,-5.060331015,6.751,-550.4619348,403.1373088,3.184293518,1052.50029,3.011693212,1.307583942,-243.35089,9.27
149,,Buford,Ivy,4/20/98,Left,64402,-553.6129888,5.829789258,5.536129888,4.605,581.4340636,572.9756629,4.329188579,,4.243288374,-0.851938563,-231.36291,-34.08
150,,Ivonne,Mayer,1/24/98,Right,46635,627.8889437,4.578259202,-6.278889437,3.32,-335.0828991,381.315868,5.564250343,1038.951796,5.053599892,-0.446938551,-246.63226,-5.97
151,,Winona,Bruns,10/27/98,Right,60599,309.0725505,-5.33388989,-3.090725505,4.836,-627.9039439,611.4124522,-4.298314965,967.899614,4.132186159,-2.255837356,-251.85032,158.5
152,,Leola,Villasenor,8/12/99,Right,46160,679.8419294,-4.912571714,-6.798419294,5.681,-384.9977232,592.0453809,-4.557247045,930.9009872,1.803530344,-1.176221103,-253.6089,199.79
153,,Judi,Hilton,1/27/99,Left,48223,-575.9089574,4.003452608,5.759089574,3.919,25.33557665,534.8410929,4.297150739,1020.467138,4.054978019,0.811460663,-234.3949,11.07
154,,Missy,Buckingham,2/4/99,Left,54642,-434.8736253,8.329428739,4.348736253,5.509,593.6318605,572.1180553,3.748921775,1044.926704,3.062876742,0.774281502,-229.91745,8.33
155,,Cortez,Mccurdy,1/8/98,Left,68050,440.2773693,-3.39082571,-4.402773693,5.492,-323.2643198,666.9344634,-6.089651395,959.9463857,2.878407982,0.58538743,-250.91132,198.78
156,,Bobbi,Barber,1/5/97,Right,33160,568.2657075,9.53976526,-5.682657075,2.167,-383.6233014,339.720762,5.674958502,1032.950692,3.140019908,-1.727550697,-243.99712,33.44
157,,Jayme,Barone,5/2/01,Left,35798,-485.300284,-5.371740487,4.85300284,-4.92,-486.8726689,406.4535129,5.632856582,1055.793451,11.55991008,1.192475092,-249.02037,-61.1
158,,Carson,Bentley,9/18/99,Right,21954,,7.47295746,-7.7411812,4.061,-124.6436308,370.9174201,5.416876218,1012.592822,3.243048921,-1.708989802,-244.2476,53.59
159,,Barbra,Faulkner,7/7/01,Right,41043,-547.1370102,,5.471370102,5.096,526.412304,575.2282827,6.21052553,1055.406339,6.401681099,-0.348238512,-227.3222,0.35
160,,Nikita,Mahoney,8/26/98,Left,15477,-802.7251798,4.10006532,8.027251798,1.984,739.4053343,575.4055455,6.917523915,1099.966073,12.68352454,-1.016235145,-227.53935,-40.63
161,,Doreen,Grace,5/5/01,Right,45214,559.5525144,3.097656088,-5.595525144,3.523,-872.9247653,445.0575591,3.862318773,1077.394732,10.64913584,0.141178682,-247.06216,30.77
162,,Lashawn,Linville,9/30/98,Left,56217,503.6450348,5.778141768,-5.036450348,6.734,-485.5838091,365.7205912,5.331219772,1051.758376,2.295320473,0.807478211,-243.19253,-39.5
163,,Hugh,Tompkins,8/27/00,Right,65980,434.8605501,1.757600529,-4.348605501,8.289,-559.2379354,377.2965515,8.266109767,1068.130332,5.464811328,-0.56435774,-243.13059,-120.87
164,,Ola,Pollard,8/15/97,Right,59848,-600.9085817,4.197646227,6.009085817,4.81,657.7032415,619.704011,3.604083133,1050.269391,5.652432633,0.985309858,-231.05232,-12.86
165,,Will,Bond,4/15/98,Right,56953,-477.7389962,-6.413418449,4.777389962,-6.916,-700.3580392,341.1484287,3.976039467,1093.96304,10.54010661,0.480817033,-253.81839,-117.11
166,,Marc,Cintron,3/31/01,Left,32456,625.4944632,5.455957217,-6.254944632,5.721,-500.1038331,404.2309418,6.526342017,1044.504687,6.982706681,1.345973481,-243.04548,13.61
167,,Angelica,Sells,7/17/99,Right,62390,397.1887011,,-3.971887011,4.013,-291.1965102,384.0328642,4.454822645,1034.686669,1.205339245,0.228288726,-244.03618,-13.66
168,,Nigel,Ramsey,7/16/97,Right,53445,484.3991575,4.203017131,-4.843991575,5.172,-639.4746194,414.7075938,1.142719012,1064.335722,3.965257258,-0.134244564,-245.99286,24.72
169,,Davis,Kent,9/5/01,Left,44524,579.60545,3.357706251,-5.7960545,6.053,-772.4004765,383.077534,6.242686098,1073.635283,7.912257732,-0.350603285,-244.91981,-33.87
170,,Wilbur,Dickerson,8/27/99,Left,55663,576.6302829,-5.479030501,-5.766302829,5.068,-473.9059847,571.8999488,-5.422714922,919.5554702,-0.589257228,0.410986225,-255.11295,192.23
171,,Ahmed,Krueger,4/7/99,Left,60182,247.7101428,2.30270503,-2.477101428,7.179,-505.1198034,473.3196972,5.795894652,1049.827965,6.666218032,1.358369979,-241.49064,-32.11
172,,Britt,Chestnut,11/1/97,Right,75292,359.57221,3.494188622,-3.5957221,6.28,-766.8375568,413.8903077,2.652524559,1078.7209,4.00250675,0.232649337,-245.30253,-39.34
173,,Jeff,Fortenberry,3/2/98,Left,,-568.9440309,-5.472431238,5.689440309,-5.104,-471.9339753,377.3315778,5.292094435,1048.196608,8.115084197,1.886904215,-250.26995,-97.87
174,,Marcela,Rhodes,11/27/96,Right,73866,312.8178389,4.271042987,-3.128178389,4.809,-405.2703375,432.943448,5.015356163,1045.414715,3.871008292,,-244.1159,-37.08
175,,Gayle,Lister,7/27/98,Left,62602,373.5982927,-6.981718101,-3.735982927,3.09,-283.123434,589.2475566,-5.503918319,927.3260349,0.265455728,1.525040343,-255.47823,167.38
176,,Jerrold,Steinberg,10/11/98,Left,66972,541.175435,,-5.41175435,5.447,-512.7203521,644.8392604,-6.966380297,,1.212637181,-1.637219445,-252.93477,225.98
177,,Faustino,Biddle,12/31/98,Left,61219,382.0643707,8.228581844,-3.820643707,2.223,-364.6360582,447.2669505,2.322121648,1026.849177,2.685045696,-1.605072682,-244.52793,66.09
178,,Yong,Gale,10/22/97,Left,58021,436.0047166,3.635899106,-4.360047166,6.248,-778.1839391,428.9366553,6.696050244,1070.204718,8.421425574,0.14438506,-243.44107,-37.54
179,,Petra,Donnelly,7/13/99,Right,42755,-504.8566612,-7.785614438,5.048566612,-4.993,-500.7859168,388.8004685,7.716462636,1056.103152,12.51392321,-1.728645457,-250.33298,-115.78
180,,Stacey,Wampler,6/28/01,Left,67592,-696.8741969,-0.443293634,6.968741969,3.147,287.0031127,621.3966823,5.713071205,1030.379523,8.414680635,-0.703864243,-235.30407,-38.58
181,,Austin,Turner,2/28/01,Right,38322,-577.4936634,6.167242321,5.774936634,4.565,,604.5089463,4.632282576,1066.700874,8.942152541,1.504803654,-229.43749,21.16
182,,Gena,Lehmann,11/5/97,Left,51336,701.4638925,-4.517951912,-7.014638925,4.474,-544.5141031,631.9780511,-4.439641149,950.1956017,5.489077725,0.34275834,-254.22188,215.39
183,,Cruz,Dunlap,3/18/99,Left,30584,-559.4412959,-7.150468798,5.594412959,-5.802,-477.1471337,389.4315352,6.646288592,1064.998465,13.12385409,1.96786915,-249.59082,-89.95
184,,Deena,Dayton,5/4/01,Right,61647,498.4348423,-5.571089382,-4.984348423,3.683,-827.0786141,572.6535605,-6.092954129,929.4320953,0.728699575,1.757959749,-256.83673,204.65
185,,Cathrine,Kincaid,10/4/00,Left,31877,575.2525239,-4.676090117,-5.752525239,7.065,22.82786192,594.5038254,-3.446865947,962.4473289,3.176455555,2.279751979,-248.76868,157.73
186,,Alberto,Macon,2/27/98,Left,55787,332.7707942,4.541814886,-3.327707942,5.311,-316.3308672,368.7523136,4.792131883,1044.199234,1.589550757,-1.700648423,-243.49271,-44.76
187,,Josef,Rountree,4/10/00,Right,43216,-470.1802344,7.129708745,4.701802344,4.558,140.6887365,556.6791031,5.419823185,1030.477278,5.558672983,0.309496248,-231.42082,27.41
188,,Vito,Nye,1/30/99,Left,55357,384.6634168,4.8824671,-3.846634168,6.696,-510.2369958,422.1960554,4.344308475,1049.392378,3.816750734,0.086080141,-242.39238,-9.65
189,,Andrea,Ogle,7/4/97,Right,28764,-508.7361896,-3.287846857,5.087361896,-2.897,-508.2544032,441.5924124,2.471824345,1066.008873,10.24447233,1.824432886,-246.06914,-6.12
190,,Gonzalo,Godinez,12/8/00,Right,58703,578.0065958,-4.68509131,-5.780065958,4.283,-346.615625,631.6973013,-4.847640091,954.2756936,4.069690164,-0.612564207,-253.47023,190.7
191,,Linwood,Cagle,9/11/01,Left,,660.4635677,6.795092551,-6.604635677,3.276,-301.7742492,431.416634,5.82764739,1021.011923,7.035913044,1.657531461,-243.88,69.79
192,,Whitney,Trowbridge,8/20/97,Left,59410,794.2766728,-4.180632956,-7.942766728,5.478,-539.4655201,568.5740178,-5.93006516,916.2609277,-1.162059864,1.306809219,-256.44831,212.72
193,,Felix,Gibbons,12/30/98,Left,40142,-170.5366696,2.829255507,1.705366696,6.572,174.5644345,566.743269,5.710041875,1035.145057,7.675285659,-2.277442208,-234.39324,4.16
194,,Harriette,Barnette,2/21/99,Right,63740,-766.2957097,1.915944026,7.662957097,3.619,765.4272956,573.5051567,3.928726898,1062.818593,4.782028372,-0.219902574,-232.29017,-74.65
195,,Venita,Brackett,4/10/00,Right,55200,462.1431068,5.174971991,-4.621431068,6.32,-615.7726814,377.9233276,5.186142019,1061.745468,4.014038365,-1.586872443,-243.5029,-34.89
196,,Scott,Huffman,6/13/97,Left,76140,-390.3685608,4.473684022,3.903685608,7.899,720.1588057,653.9953847,5.281435782,1066.120664,7.005940278,-0.864459311,-229.64563,-52.16
197,,Vicente,Barth,8/10/01,Left,67916,501.569182,3.310217074,-5.01569182,4.673,-552.0430707,442.5323628,3.047362211,1057.596344,5.420282852,-0.189262965,-246.7343,-2.85
198,,Rena,Broderick,9/11/99,Right,46740,360.4241677,5.282763297,-3.604241677,4.208,-307.0334705,401.7797395,5.454745623,,3.775616921,-1.902244314,-243.10303,-3.86
199,,Frances,Benge,5/22/98,Left,55037,604.4327553,-4.183731469,-6.044327553,5.206,-595.4382312,596.7066656,-7.189090352,916.1654672,-0.919292371,-0.762205352,-255.02709,240.15
200,,Jason,Thurston,12/29/98,Left,18270,640.2563797,-5.281586057,-6.402563797,6.156,-295.9378606,603.5208873,-2.410512779,964.7650582,7.167555209,1.083831618,-249.85009,188.18
201,,Fabiola,Seale,3/9/97,Left,57631,498.0283574,5.688424244,-4.980283574,3.432,-287.3139075,421.9654104,2.908704071,1031.824832,2.773576701,0.073261867,-245.78106,28.26
202,,Santos,Allison,9/20/97,Right,39681,-457.084339,6.317510321,4.57084339,5.023,581.7647489,558.361364,5.248710455,1062.71984,6.374549336,-0.610480522,-229.88836,-16.28
203,,Zachary,Batchelor,5/21/99,Right,46334,384.9998602,6.24579587,-3.849998602,4.181,-456.4544178,430.0246031,3.308141295,1039.976212,4.231481207,1.005421401,-243.29418,41.49
204,,Alvin,Rowland,6/1/00,Left,52507,521.9700958,-3.383061939,-5.219700958,5.964,-616.3308148,601.1833067,-6.773229992,949.4632983,0.929321629,-1.28339163,-252.38608,218.13
205,,Xavier,Ramey,12/29/99,Right,66607,-313.8960918,-3.383782986,3.138960918,-4.14,-391.7315483,456.797555,3.535416712,1023.168587,7.51911127,0.50968486,-250.71695,-23.32
206,,Damian,Keener,6/19/98,Left,76876,-623.606764,4.551444343,6.23606764,5.107,646.5690275,621.7191449,6.169019861,1048.100344,6.012624817,0.097963429,-230.51163,-58.42
207,,Courtney,Knowlton,9/12/00,Left,37371,686.3298488,2.326176482,-6.863298488,6.617,-439.0772435,486.8215143,3.56028574,1042.064679,8.259000599,1.161503508,-244.82688,52.4
208,,Eddie,Oreilly,12/25/97,Right,66576,455.4037618,-5.614984817,-4.554037618,5.29,-201.4044287,596.0495951,-5.100768891,927.7428546,-0.887960296,-1.274938972,-253.38955,159.15
209,,Horacio,Oliphant,9/24/01,Left,92644,-361.5151613,3.825196983,3.615151613,,712.3453801,654.5168578,4.40002273,1045.566657,4.68444556,-0.032512007,-232.38406,-51.31
210,,August,Mackenzie,1/24/00,Right,43001,543.1954198,-3.557931747,-5.431954198,6.326,-374.796618,606.6959988,-5.584269066,961.7343215,2.578318111,0.187269843,-250.56432,199.63
211,,Dovie,Cortes,11/6/99,Right,79633,298.7496058,5.66969162,-2.987496058,6.036,-830.7095795,364.5851697,1.948267396,1085.704592,1.095518883,-0.411334416,-244.87229,-50.8
212,,Lindsay,Pratt,4/8/99,Right,54055,-558.4405011,-1.864402089,5.584405011,-6.025,-300.234673,423.8366675,2.95087425,1016.234192,5.601696501,-0.628345982,-249.08981,-8.41
213,,Missy,Browning,4/9/99,Left,42055,-540.9784998,5.499908279,5.409784998,5.09,655.2571482,587.9126137,5.84505517,1073.674699,8.228260239,0.673184739,-228.78752,-31.78
214,,Eddie,Haag,3/28/00,Right,43842,-506.1686867,-3.464459682,5.061686867,-6.243,-791.2411317,367.4478529,4.272757835,1076.539446,10.71542116,-0.816111091,-250.55633,-58.07
215,,Brendan,Robledo,6/23/97,Left,33434,-551.9357282,-5.910815345,5.519357282,-7.042,-318.1683342,404.5888328,5.298179274,1048.996712,11.50533355,0.074746073,-250.17441,-55.81
216,,Ilene,Blodgett,9/21/99,Left,36200,683.9941998,3.465209556,-6.839941998,6.178,-783.0655804,443.1975639,5.952679016,1067.612647,10.7207302,-1.245800784,-244.53807,18.93
217,,Jesse,Stamper,2/6/98,Left,37464,692.2329648,3.104316548,-6.922329648,7.186,-728.5942357,480.2412713,8.329385059,1056.301329,12.63544165,-0.151274652,-242.82406,9.72
218,,Brock,Creighton,9/1/00,Right,68864,567.3455047,-2.876834187,-5.673455047,5.015,-670.8139363,638.2153107,-6.97863689,951.9818273,2.097823471,0.221796908,-253.75042,226.94
219,,Earl,Kuykendall,4/11/99,Left,43064,558.8562354,-5.266087685,-5.588562354,4.939,-498.4630689,583.0633919,-4.417842781,952.9981877,3.489669452,0.149606922,-253.19365,184.74
220,,Theresa,Chau,9/6/98,Right,48238,248.2183985,-4.938660821,-2.482183985,5.776,-360.6352447,612.2569321,-5.899795736,956.9696366,1.562883923,-1.980167534,-249.77592,180.73
221,,Kellie,Eastman,4/1/97,Left,48579,387.9387391,-4.149047646,-3.879387391,5.392,-540.5481632,620.1027005,-6.502501843,955.0885437,2.341047837,0.454712177,-251.33046,213.86
222,,Alexis,Stegall,5/26/00,Right,48473,582.9414613,6.797273919,-5.829414613,5.003,-484.6222171,390.6207862,4.087835974,1045.483941,3.497213736,1.81177738,-244.32685,18.31
223,,Beverley,Pearce,11/2/01,Right,40680,565.6489936,3.243811336,-5.656489936,4.451,-236.8124012,357.0438217,9.712202954,1035.922159,6.447401264,1.41866483,-244.42037,-70.65
224,,Jarrod,Mcmurray,8/15/97,Left,38058,415.9863013,-7.422155986,-4.159863013,3.676,-491.7304518,562.9689544,-3.706275168,941.4903214,3.513493594,0.502855499,-254.25085,167.4
225,,Sharyn,Doran,6/20/99,Left,47052,-583.3241668,5.979136572,5.833241668,3.913,149.7099409,586.5767401,6.411008155,1029.672519,7.456855448,-0.198401231,-231.13309,17.25
226,,Salvador,Montes,12/31/96,Left,25131,-378.5884443,6.400563135,3.785884443,5.311,269.3779763,579.2337925,5.893457812,1051.193372,9.022590675,0.298139252,-229.86985,33.51
227,,Shannon,Lavender,11/12/99,Right,36984,-545.2338489,4.107841042,5.452338489,4.946,932.7762694,623.472485,2.681173221,1076.908965,7.591949283,1.044139227,-229.32408,-1.37
228,,Maria,Farr,6/27/99,Left,40072,373.221164,4.271036403,-3.73221164,5.002,-637.7485029,407.2808977,4.038579206,1060.202264,6.04099315,0.784616037,-243.56357,9.61
229,,Denise,Gerard,10/14/98,Left,32576,741.281308,6.429565336,-7.41281308,3.6,-263.633036,356.1954129,5.6413839,1029.391798,3.928532625,-0.938682493,-245.74333,19.24
230,,Breanna,Begay,3/24/01,Right,45793,494.898358,-5.850387707,-4.94898358,5.395,-234.0294547,568.8168941,-4.028831348,947.5802996,1.550462109,0.576903992,-252.3468,151.62
231,,Gilberto,Mattison,4/4/97,Right,52220,343.542168,,-3.43542168,4.961,-337.1759461,357.9886688,7.212378484,1043.519719,3.213864316,-0.155434106,-242.72322,-62.14
232,,Scott,Comeaux,1/28/99,Left,20471,-661.9698637,-6.499765439,6.619698637,-2.587,-614.3981264,377.3793716,8.620109378,1060.401184,12.621319,0.817930974,-245.15636,-107.39
233,,Rosanna,Stull,7/21/00,Left,48079,-544.6417524,3.504713188,5.446417524,4.494,424.6610448,566.4247742,6.010804013,1054.204647,7.389975631,1.605064112,-231.91796,-37.85
234,,Lindsay,Bunting,4/28/99,Left,27792,640.9931474,7.518916509,-6.409931474,6.715,-519.6900411,415.5102869,2.564704401,1040.890336,3.765565302,-0.54240943,-242.21502,77.56
235,,Lydia,Diamond,5/17/99,Right,23061,766.7950682,6.231165326,-7.667950682,4.598,-185.7021709,368.5138558,6.201855666,1020.234336,4.300142999,0.733766922,-244.36499,29.9
236,,Enrique,Wallen,5/22/01,Left,40193,524.5181674,6.001477007,-5.245181674,6.166,-584.5051075,430.484127,6.445897262,1047.631059,7.245036254,0.485077491,-241.77277,15.59
237,,Quincy,Cramer,10/14/98,Right,51040,-574.1707866,-4.706206141,5.741707866,-4.466,-634.0516394,366.438721,4.716766185,1065.290224,8.515888871,-0.248628938,-249.45599,-93
238,,Rolf,Naranjo,2/28/00,Left,43498,671.6481714,-4.118382076,-6.716481714,5.412,-710.802937,597.2176902,-6.045961066,926.8142776,1.782591229,-1.359452391,-254.41485,245.95
239,,Marion,Cochrane,6/6/99,Right,56145,319.9798918,-8.478921671,,2.524,-690.9288463,542.7656578,-5.242965022,906.9320505,,-0.788609804,-257.92025,175.63
240,,Gene,Legg,6/8/97,Right,63239,554.6211414,1.63945097,-5.546211414,6.815,-670.3219091,410.5150596,4.119740675,1073.284652,5.955246048,-1.764946217,-246.35342,-46.23
241,,Burl,Hildebrand,10/18/99,Left,37917,541.4446407,-2.557193178,-5.414446407,7.152,-288.9291058,664.6758659,-4.75629379,983.8013621,6.325271647,-0.152068969,-247.31316,209.84
242,,Milo,House,3/22/01,Right,72859,138.8663459,4.630334016,-1.388663459,4.473,-478.7364196,357.827824,2.879386372,1060.844238,-0.103000087,0.728244255,-244.37574,-61.72
243,,Gregg,Lay,1/9/01,Left,29600,541.0427348,6.299999391,-5.410427348,6.082,-581.6271233,445.0068839,2.227669137,1045.103348,5.411169193,0.798371309,-242.50967,83.34
244,,Mimi,Staggs,5/17/97,Right,46447,286.3593119,-4.049190773,-2.863593119,7.334,-427.0868798,587.1068815,-5.779638393,963.1113714,0.356021684,-0.267655883,-248.59687,169.16
245,,Brian,Murillo,5/25/00,Right,52599,679.7596955,-4.69353179,-6.797596955,5.076,-298.0493409,606.6199519,-5.263749342,931.9498702,1.546714114,0.053059422,-254.12502,204.36
246,,Cori,Baylor,11/27/00,Left,22427,-544.4221703,5.300686129,5.444221703,3.58,152.4707994,566.5709034,7.150509306,1045.02988,10.18390829,0.082742972,-230.4894,22.1
247,,Marcella,Edmond,8/10/97,Right,48405,-390.5797853,4.12812058,3.905797853,4.675,274.0002168,558.5377465,4.76223717,1039.103321,5.948648492,0.000609885,-233.8594,-1.67
248,,Douglas,March,10/13/01,Right,59880,578.5683362,,-5.785683362,3.856,-580.8024206,325.0309211,,1067.212733,4.034518709,-0.145983022,-246.97036,-64.35
249,,Deangelo,Fleck,4/30/97,Right,28643,767.5866183,3.957957786,-7.675866183,4.93,-383.5068528,394.8889389,2.445030159,1044.337279,4.861731144,0.001776777,-246.829,49.13
250,,Ashley,Kozak,5/13/01,Left,82841,,-4.825033241,3.380166754,-5.645,-407.6041618,422.7138242,6.082644607,1006.774164,6.965423324,-0.25813173,-253.39383,-78.6
251,,Agatha,Irish,1/13/99,Left,42315,-511.5225302,-6.676730914,5.115225302,-5.875,-387.7021082,391.5211897,4.124559546,1070.423246,10.76898419,-2.661687806,-250.9639,-82.46
252,,Omar,Parham,1/15/97,Left,61593,,6.313736395,-2.534086377,4.812,-382.4074747,426.8294753,3.917107668,1037.356503,2.33878819,0.708125218,-242.23285,2.61
253,,Billy,Strom,9/27/99,Left,43193,389.2947409,7.7442881,-3.892947409,1.409,-582.6964948,481.6962256,4.889419169,1036.426105,8.988745971,0.208869283,-243.47096,87.48
254,,Claudette,Plummer,4/22/99,Left,44817,-597.1771992,6.871275584,,4.166,540.3556827,598.4528682,4.426972874,1056.123905,6.692765117,0.739393818,-229.28479,12.19
255,,Juli,Kong,1/13/97,Left,50650,-469.5600412,4.47647269,4.695600412,4.884,455.1671187,549.035519,4.359340357,1047.665291,4.610304751,0.972653907,-232.64956,-22.56
256,,Kasey,Rivers,11/5/98,Right,60132,452.3356521,6.708942029,-4.523356521,5.886,-496.6926934,391.371923,7.731676128,1045.78509,4.524785838,-0.069440865,-242.00329,-43.55
257,,Myron,Parr,7/4/98,Right,25980,-667.7909627,5.344403906,6.677909627,3.505,728.8438108,575.4137811,5.734314016,1075.435003,9.014547642,-0.293093488,-228.1678,-19
258,,Osvaldo,Ritchie,1/20/99,Left,31010,511.9685636,5.093151852,-5.119685636,5.495,-145.7210176,417.5462252,3.903657563,1018.498151,2.942381992,-1.009065472,-242.7593,41.07
259,,Rudolf,Haines,7/3/97,Right,71744,-555.9598898,7.620463447,5.559598898,5.506,538.9073046,644.7441768,6.309399127,1051.30607,7.151734266,0.39478715,-228.41807,-16.8
260,,Ernestine,Schaffer,12/4/97,Right,41436,-670.7744378,-4.166430726,6.707744378,-4.277,-615.5471484,359.1812843,,1060.349865,8.292466959,-0.478641359,-247.5958,-87.98
261,,Ruthann,Nettles,4/14/97,Left,67091,-450.4322762,4.892844199,4.504322762,5.955,892.7784024,605.5390719,1.788909653,1045.64459,2.00932475,-0.498326644,-231.74333,-14.35
262,,Belva,Bowles,4/26/00,Right,39812,-373.7684378,3.810346832,3.737684378,5.35,208.8321421,539.9440293,4.144929772,1040.847019,5.384413579,-1.094088351,-233.78755,4.59
263,,Gloria,Shively,7/20/01,Left,63834,372.6657006,3.046359492,-3.726657006,6.114,-388.8118891,406.7341922,7.065544787,1047.345221,4.801575374,-0.797958152,-243.3559,-70.2
264,,Jacquelin,Lo,3/17/00,Left,45308,678.8506117,7.109013667,-6.788506117,2.189,-620.624321,387.499727,5.381477922,1052.461824,7.056362876,0.045970239,-246.73281,30.52
265,,Emmanuel,Ponder,10/27/99,Right,40620,-488.7912652,3.308292332,4.887912652,3.548,600.8157537,586.5360286,4.61046599,1057.56976,8.14189336,-1.9345615,-232.54501,-9.47
266,,Jan,Lattimore,7/25/99,Right,15137,-445.2471203,6.528130679,4.452471203,5.209,225.5731853,,6.032923382,1050.368937,11.88044293,-0.830734724,-228.08611,72.23
267,,Fritz,Ballinger,8/24/01,Right,50883,,-5.902043698,-6.320732947,3.527,-824.9017655,561.6256469,-4.647679396,937.5544751,3.117447998,-1.465610583,-257.16033,198.78
268,,Elliott,Bustamante,10/23/97,Left,58782,-363.1072836,6.130583883,3.631072836,5.624,,602.4198169,5.438643598,1043.15884,6.492364693,-0.200295594,-231.45686,-0.71
269,,Janis,Myles,9/3/97,Right,62720,-549.5048124,4.726728137,5.495048124,4.054,323.1976542,533.7679722,4.50021209,1030.061829,2.69687453,0.525134668,-233.94682,-27.23
270,,Elliott,Mccutcheon,11/10/98,Right,83660,249.7761914,5.293992079,-2.497761914,3.951,-887.3827375,403.2690463,3.803058126,1084.249473,4.896099165,1.624771569,-245.51183,-46.7
271,,Elena,Rangel,3/22/99,Right,53451,-605.9187856,-3.00984658,6.059187856,-5.093,-567.0225573,371.9789754,2.95066292,1057.374362,6.417391527,0.421319084,-249.29609,-61.34
272,,Millie,Freund,4/13/00,Left,39432,-385.7670651,4.088517256,3.857670651,5.329,603.6915964,581.6464463,8.075215935,1069.988955,10.43648776,0.696027088,-230.09462,-51.59
273,,Olga,Chesser,4/4/99,Right,41858,418.6930201,-4.499531428,-4.186930201,5.49,-732.4391675,603.3002869,-6.451350102,942.6160629,2.086122939,0.589814174,-252.23814,231.02
274,,Donny,Ulmer,5/24/99,Left,57172,-539.7176152,4.936941355,5.397176152,5.079,792.8423581,644.8324722,3.647052466,1056.818282,6.777364097,-0.896181438,-229.93955,-2.26
275,,Jeff,Maestas,1/18/99,Right,49756,520.5897249,4.157495006,-5.205897249,6.957,-204.2350894,427.9982228,5.140559038,1026.192124,3.177597476,-0.116794995,-242.7507,-6.67
276,,Jonathan,Atherton,4/30/98,Left,54316,-585.9780798,6.440587681,5.859780798,5.157,593.4010797,,4.299650401,1041.778033,,-1.173900426,-229.31705,9.24
277,,Katina,Tolley,4/22/97,Left,59185,698.5412716,-4.753876731,-6.985412716,4.354,-688.7025228,619.5063852,-5.309851014,926.3717563,2.929627269,-0.653119164,-256.11774,229.47
278,,Rocio,Pettigrew,10/28/00,Left,56207,630.4279337,-5.052185088,-6.304279337,4.465,-633.6710865,579.2599591,-4.628830268,945.5541036,2.70195285,-1.331386994,-255.345,185.94
279,,Sandy,Khan,8/2/01,Left,,626.1215338,1.645413769,-6.261215338,7.233,-704.3065967,408.0665131,5.611332368,1074.628148,7.465978423,-1.71982133,-245.89146,-52.96
280,,Valentina,Poling,1/22/99,Right,,483.5256798,2.758322766,-4.835256798,5.558,-679.8508699,460.8950673,2.904467556,1061.74584,8.044931846,-1.189697942,-244.82311,36.97
281,,Ernest,Begley,3/21/01,Left,39564,631.627438,6.29950815,-6.31627438,2.117,-524.8133765,331.7365789,3.206101378,1056.942156,3.606671282,0.741044627,-247.81185,17.72
282,,Aletha,Mattingly,4/26/98,Right,33898,563.3806899,3.995235849,-5.633806899,2.171,-338.0385329,386.0301896,7.697747201,1038.224639,8.122198565,0.563014767,-245.83467,-8.09
283,,Lynn,Belanger,5/8/00,Left,48697,,5.007662803,4.541876427,5.525,491.8596365,579.5997337,1.91147526,1043.228243,3.477142508,-0.302469642,-232.26194,21.34
284,,Carolina,Castro,4/9/99,Left,52130,498.7669917,7.620164494,-4.987669917,4.803,-519.1512804,,3.710435626,1047.994789,2.573683507,-0.64597645,-243.74942,16.58
285,,Malissa,Blackburn,10/1/00,Left,38668,-490.7132097,0.870864118,4.907132097,4.314,436.6111327,607.0417546,6.159628513,1058.312179,11.02382976,-0.623765452,-232.8665,-24.42
286,,Mohammad,Hammett,9/4/97,Left,38551,-397.261639,6.682813937,3.97261639,,358.666673,524.1278785,5.405393269,1043.168334,4.333251421,1.0228513,-230.83072,-6.77
287,,Emerson,Sprouse,8/21/97,Left,24875,-567.9420879,-4.768251772,5.679420879,-3.716,-414.9409872,431.6736737,6.279317147,1039.22204,,0.361615216,-245.94713,-38.44
288,,Adrianne,Salley,11/16/98,Left,50471,,-3.453237507,-5.757607692,5.317,-692.6902957,651.6173709,-5.012811736,968.1701832,6.356625941,-1.930867137,-251.79352,224.31
289,,Sydney,Grooms,8/7/99,Right,25815,-419.1953558,4.803358908,4.191953558,3.796,253.8269201,557.3467108,8.948172189,1063.653237,12.11812419,-0.765509873,-230.78594,-20.97
290,,Thanh,Dyson,12/7/00,Left,37498,715.5666194,-4.197732788,-7.155666194,5.848,-296.612036,582.7487881,-5.7376913,933.5843329,0.88217912,0.725875882,-253.13532,218.04
291,,Marisa,Benavides,4/28/98,Right,58249,732.0463302,-2.999161403,-7.320463302,5.831,-393.4313598,609.4897794,-5.369639721,961.2404947,2.617645583,0.936306,-252.96732,194.19
292,,Demetrius,Mcnair,1/23/97,Right,44841,-461.1215881,3.387471321,4.611215881,5.789,532.1138025,620.6568821,3.265063141,1056.489134,7.380985928,-0.549573093,-231.39707,9.77
293,,Marcellus,Kirk,10/13/99,Left,,640.0633284,4.08016452,-6.400633284,3.473,-685.3533414,443.7539341,2.343362046,,8.298561023,0.942724676,-247.31282,62.01
294,,Archie,Magee,8/22/01,Left,53884,691.3071927,4.970548115,-6.913071927,6.009,-293.1004886,350.3814126,5.080197241,1042.719702,1.72190759,0.018701647,-245.67251,-38.13
295,,Mohammed,Hawthorne,4/19/98,Left,28754,342.6233169,-6.373340858,-3.426233169,4.483,-745.5598624,566.2113228,,956.1595058,4.287212928,0.315428346,-252.49698,193.77
296,,Sharon,Corbin,7/22/99,Left,43447,-447.1285866,-3.866651139,4.471285866,-3.67,-617.0388183,427.7964963,4.362326763,1056.24992,10.54444588,-0.447023563,-248.32283,-36.64
297,,Carla,Null,9/26/97,Right,59613,652.3458874,4.428998525,-6.523458874,4.873,-706.4176827,399.7803167,1.48269315,1070.34081,4.404896134,-1.338233906,-247.97136,15.74
298,,Magdalena,Gonzales,11/21/97,Right,44498,606.7156968,5.004513227,-6.067156968,5.109,-540.5153417,394.7960591,3.426388529,1054.747349,4.698540969,-0.14948114,-245.46342,17.46
299,,Elisha,Mattox,9/19/00,Left,48128,529.0130316,6.144434151,-5.290130316,4.511,-454.0901785,354.5866692,6.750660627,1047.320406,4.165701071,1.612804499,-244.10968,-32.17
300,,Emma,Manley,11/24/97,Right,59239,495.4249716,4.287185691,-4.954249716,4.688,-728.7614457,450.7719753,5.661147117,1062.808828,8.77256044,-0.411043865,-244.88116,-1.33
301,,Roberto,Sell,11/4/99,Left,57192,579.5614066,5.433945473,-5.795614066,4.17,-595.6756307,338.9972012,5.089843496,1066.63948,3.866585484,-0.610604454,-246.54779,-42.33
302,,Luigi,Pruitt,11/7/00,Left,35524,826.5274098,3.828514514,-8.265274098,7.413,-757.7563594,444.5593784,6.329829257,1063.62725,,-0.68023691,-244.35225,21.21
303,,Royce,Linares,7/31/97,Right,58131,196.3532928,6.926228976,-1.963532928,5.782,-732.8023692,401.1873834,6.994940868,1060.956112,5.31416598,-0.86066093,-240.14416,-36.98
304,,Chrystal,Purdy,1/28/00,Left,48306,-679.018286,4.300652442,6.79018286,3.792,681.4846395,560.2659975,4.138450251,1064.680921,,-0.066291841,-230.82475,-40.15
305,,Chauncey,Otto,10/13/98,Left,38288,-413.8667591,-6.438093032,4.138667591,-6.191,-561.7138228,401.9397888,4.924864348,1076.495833,13.37807754,0.203633902,-251.52742,-67.58
306,,Shirley,Keyes,3/23/97,Left,57198,474.7268164,1.147618134,-4.747268164,5.653,-828.1165979,478.4414297,1.428673011,1079.539068,8.632439702,1.478030197,-246.81785,23.8
307,,Lacy,Layne,4/30/97,Right,12871,-347.9132507,6.249342665,3.479132507,4.717,671.8162809,553.778844,4.607789471,1073.311873,8.420180805,-1.127018215,-229.44915,18.61
308,,Shelby,Mcnamara,12/14/97,Left,82041,416.5505107,4.803952283,-4.165505107,5.114,-715.3250284,421.5721923,2.217560652,1071.353488,3.423484091,1.291506092,-246.30753,-21.16
309,,Archie,Wallis,5/6/00,Right,65575,-451.7370599,-3.092111023,4.517370599,-4.74,-287.0934895,,3.887962658,1005.165219,6.500751231,,-249.64231,-16.52
310,,Reuben,Rossi,3/17/01,Left,44345,410.4440517,7.155386743,-4.104440517,5.457,-533.7517686,377.898178,6.741806357,1047.776897,4.495513233,-2.352883075,-241.41739,-15.23
311,,Marcos,Mcgee,3/31/00,Right,39443,497.4465089,4.554376783,-4.974465089,5.903,-612.801785,415.1743959,3.021297218,1056.995557,5.292750389,0.678470337,-243.92371,28.47
312,,Lavern,Sides,11/14/00,Left,52473,414.4201212,6.685949917,-4.144201212,4.27,-379.4418138,342.4922793,2.87289992,1044.789144,-0.184065818,0.698141172,-244.66036,-8.22
313,,Adela,Urbina,8/8/97,Right,51132,161.9296495,-5.867612556,-1.619296495,4.133,-624.5620551,629.5805461,-5.355302315,967.3412576,4.740349052,0.055528311,-251.09125,183.88
314,,Oren,Scanlon,11/27/00,Right,29023,-504.4316135,6.321517674,5.044316135,4.966,607.2066488,566.1885037,3.430857824,1070.422115,6.374062038,0.372937621,-229.27228,11.58
315,,Otha,Vo,7/26/97,Left,62592,424.1888124,6.321198852,-4.241888124,5.082,-656.4915522,404.7762243,1.842500269,,2.667726538,-0.616627196,-244.74546,14.36
316,,Marci,Witcher,10/25/97,Left,52809,-771.8071113,2.961319418,7.718071113,3.316,670.2634549,571.0539291,3.663153964,1062.408805,5.341139832,,-231.58457,-45.14
317,,Chelsea,Watkins,2/16/98,Right,53002,-603.3000226,-3.578674832,6.033000226,-4.869,-586.660636,354.3086858,3.928952898,1059.529592,6.632062889,-0.155944324,-249.38126,-84.15
318,,Bill,Purnell,6/26/98,Left,48422,493.5262796,7.577107575,-4.935262796,4.383,,369.2137738,3.816283569,1050.255259,,-0.412347838,-244.04762,14.62
319,,Arthur,Lindstrom,3/13/97,Left,30469,-508.9919729,-2.752919231,5.089919729,-5.426,-527.338598,414.6966656,2.826734023,1062.690615,10.29219955,,-248.15824,-6.02
320,,Robyn,Wilhite,10/25/98,Left,46508,,-5.379722236,4.875679265,-4.372,-546.5625502,401.6756297,6.668670015,1043.438023,10.52474258,1.129925005,-249.24482,-79.64
321,,Gloria,Beltran,8/11/98,Left,43863,-706.7667947,2.281857684,7.067667947,3.586,484.4464059,581.707228,3.925378705,1029.399805,5.390116625,0.529739605,-232.59965,-1.63
322,,Lissette,Haywood,10/4/97,Left,56024,-478.4931361,3.716005487,4.784931361,4.943,513.2860726,573.9874621,4.762362594,1041.495884,5.182995096,1.472871475,-232.77461,-26.27
323,,Ken,Rutter,4/22/01,Right,67322,-425.4743358,-5.24458498,4.254743358,-4.696,-513.2741499,398.2025805,6.233363112,1032.202057,8.249378986,0.415390004,-251.41826,-94.1
324,,Grant,Yocum,4/8/99,Right,37915,-620.2226448,3.535748711,6.202226448,4.87,510.1520849,576.7850413,5.169765245,1071.035784,8.201253798,0.821016443,-230.06181,-31.45
325,,Jae,Barrows,2/16/00,Left,48177,-710.8130672,5.509801024,7.108130672,2.257,128.9089912,559.6858743,4.779289301,,5.27769467,0.181905807,-232.84217,23.64
326,,Kathrine,Shelley,7/24/98,Left,52174,-264.7275647,-3.332985506,2.647275647,-5.715,-231.806383,491.3451215,0.054108009,1044.467758,9.239761929,-0.659421756,-251.48998,35.14
327,,Rhoda,Marshall,11/17/97,Left,54413,547.29096,3.440178272,-5.4729096,5.849,-836.8766054,440.207846,,1077.973535,6.387536317,-1.492319677,-246.42618,32.12
328,,Simon,Mckenna,3/11/01,Left,50357,-573.2987847,0.219300008,5.732987847,-2.855,-587.1981016,423.262524,3.483147634,1020.664832,5.074415895,-1.400469798,-245.44524,0.43
329,,Hunter,Augustine,2/1/98,Left,31413,624.7102993,-7.05254622,-6.247102993,4.005,-399.6356467,565.1858857,-2.684755456,944.8740204,5.138250731,-0.05988203,-254.45009,170.96
330,,Tyrell,Kell,10/7/01,Left,58160,-528.6574835,5.494008889,5.286574835,5.438,831.8042748,609.0849742,5.277265766,1060.367924,6.164162691,0.971571298,-229.2404,-38.86
331,,Alfred,Barnette,4/3/01,Left,51198,420.0054022,2.415952251,-4.200054022,5.443,-517.3009807,518.2098123,8.717468281,1041.093625,12.21189926,1.578419211,-242.21231,-3.43
332,,Myron,Corbett,10/7/99,Right,46462,832.4336308,-3.967113946,-8.324336308,3.267,-874.4214282,607.9897556,-6.901375057,926.9873286,,-0.086637713,-258.02545,282.43
333,,Abram,Bartley,1/20/97,Right,79712,-645.2589019,5.620571202,6.452589019,4.575,481.6978519,600.3342608,3.979347719,1038.344899,3.192226923,-0.868264978,-231.88405,-27.46
334,,Laureen,Barnhart,5/26/01,Left,71058,-452.7225183,6.319591427,4.527225183,6.812,939.3171351,667.6741651,3.15783217,1060.456665,5.2648017,0.012004917,-228.68376,-10.22
335,,Myrna,Neville,12/10/96,Right,69047,407.2329082,6.856667172,-4.072329082,4.039,-554.1424956,399.14092,6.623929994,1050.48716,4.710409933,0.461137849,-243.81552,-33.44
336,,Arthur,Hancock,3/15/00,Left,40398,-526.5980804,8.317970967,5.265980804,4.628,701.1280351,578.9006709,3.468498874,1051.766351,4.336524353,-0.692706682,-228.67479,23.67
337,,Dario,Mcrae,8/8/99,Right,52494,612.6958375,3.211162101,-6.126958375,6.211,-633.2359192,376.5704704,6.036170892,1067.160622,6.213967391,1.025369061,-245.55347,-48.66
338,,Virginia,Snead,12/20/99,Right,43656,224.6772263,-6.003967435,-2.246772263,4.545,,556.9810031,-5.198425583,961.177157,,-0.592320872,-252.85782,179
339,,Gwendolyn,Hannon,7/26/99,Left,61812,330.8923892,4.206357824,-3.308923892,5.802,-620.3518173,429.8197024,3.128163976,1061.626838,4.388385343,-1.293530563,-243.79427,-8.11
340,,Fabian,Mccullough,8/15/00,Right,55728,386.8405431,3.236681076,-3.868405431,5.031,-524.2132296,438.8615367,3.951273555,1053.712903,5.839372543,0.964528639,-244.59897,-3.25
341,,Destiny,Hiller,10/18/01,Right,42388,-612.730332,-4.724590568,6.12730332,-4.541,-453.323282,386.0083919,5.026978072,1050.223104,8.584841575,-1.576638921,-248.1627,-75.28
342,,Jenny,Hawes,5/21/99,Left,81777,-356.3409091,7.274883009,3.563409091,7.208,699.3659788,577.9014578,2.286395951,1050.175637,0.115983866,-0.723216184,-231.5117,-31.79
343,,Lucille,Castleberry,5/13/99,Right,76972,439.8197937,-3.762297552,-4.398197937,5.076,-389.4598299,665.1338482,-6.324110283,945.175827,1.663454572,0.654839797,-252.48405,200.9
344,,Faustino,Fairbanks,3/4/00,Right,76722,238.8169145,4.917628494,-2.388169145,5.333,,442.4087094,1.770840766,,3.66701268,0.261866936,-244.24325,-6.09
345,,Isaiah,Moya,12/10/99,Left,52248,329.7269065,6.362245611,-3.297269065,5.351,-954.6461347,422.9288011,3.70661357,1076.792117,6.742480286,-0.037257036,-242.70419,18.91
346,,Sandy,Bayer,7/21/98,Right,53137,425.5035797,5.83035345,-4.255035797,5.852,-520.3527733,386.1254808,6.248212451,1049.655255,4.176902832,-1.216526059,-242.53747,-30.29
347,,George,Duggan,11/1/01,Right,77901,-554.0985157,3.487819757,5.540985157,5.391,522.3674141,635.534485,5.267051297,1028.499974,5.440905696,1.08147048,-232.33609,-30.01
348,,Jamie,Martens,11/13/96,Left,40129,-420.6114431,3.916023976,4.206114431,5.583,416.7391027,583.6702145,4.915753136,1056.639307,7.775410422,0.894484255,-231.5156,-5.95
349,,Errol,Salley,10/1/97,Right,37609,-659.1611038,-5.686633659,6.591611038,-6.282,-418.1684505,367.5473941,4.212888123,1068.340124,9.548366217,-1.852896846,-249.60082,-83.83
350,,Doug,Bray,9/4/00,Left,88967,-226.4312584,-6.271639539,2.264312584,-8.183,-427.4269327,386.0652075,2.098612449,1062.098336,7.68939018,-1.15541812,-258.52837,-93.98
351,,Kathi,Pederson,12/5/96,Right,44695,472.2715255,-4.941757417,-4.722715255,5.491,-363.7376904,621.9678069,-5.321251289,940.0186372,2.51087774,0.630148387,-251.61443,207.78
352,,Norbert,Jerome,11/21/00,Left,53711,440.6040557,5.72765502,-4.406040557,3.635,-499.8137324,404.295607,-0.833686976,1053.197062,1.252163121,0.495095621,-246.60538,54.86
353,,Porter,Holloway,5/9/98,Right,53520,-418.0944812,5.851743359,4.180944812,4.987,608.9372949,592.6180776,6.699628977,1062.827411,8.135643626,-0.250214902,-230.24709,-35.38
354,,Wendi,English,8/31/00,Left,33102,-623.6473875,-3.18769257,6.236473875,-2.862,-568.3203333,410.3925041,4.90654636,,9.068491757,0.916685317,-245.30267,-41.17
355,,Shelby,Carrington,4/30/98,Right,33825,559.1954391,4.350432473,-5.591954391,,-435.6755843,397.0027574,6.474138228,,6.953140278,0.988835099,-244.13999,1.56
356,,Louie,Goddard,3/2/01,Left,25186,535.4747401,7.225743412,-5.354747401,5.04,-130.1650483,334.4291408,4.459818994,1019.700112,-0.003466636,0.234156094,-242.58497,19.12
357,,Delbert,Inman,2/8/99,Right,64622,377.1130791,4.41581769,-3.771130791,5.883,-1041.323658,446.2290336,4.846239465,1088.373128,9.083015923,-1.123609628,-243.85386,-14.66
358,,Eddy,Wolcott,5/28/00,Left,41835,633.1754742,-5.13091172,-6.331754742,3.663,-853.5372657,568.6049393,-6.404054503,928.1975972,2.006026007,0.940878478,-256.83041,244.06
359,,Tommie,Epperson,11/19/99,Left,73472,101.5521737,1.936240131,-1.015521737,7.455,-635.6036832,380.992612,4.290163704,1076.644411,2.298576464,0.721693944,-242.71655,-102.04
360,,Reynaldo,Neville,8/1/00,Left,56837,-573.8349986,4.324191084,5.738349986,5.01,874.7933918,628.0032891,5.407737146,1071.494905,8.070133467,0.70248489,-229.23506,-46.66
361,,Danielle,Culpepper,7/16/99,Right,46140,557.9785152,-3.723622144,-5.579785152,6.756,-346.0162262,591.0925561,-4.459034719,970.3299996,2.817313416,-0.927424308,-250.23734,166.96
362,,Venita,Haynes,6/1/01,Left,59723,229.2557763,-4.48799472,-2.292557763,6.623,-98.12660454,638.5049776,-4.240296316,982.1088913,3.191674686,0.647977252,-247.31584,129.35
363,,Williams,Rickman,1/6/98,Right,76205,-360.411444,5.532531739,3.60411444,5.791,768.2154594,608.9131239,6.657682133,1053.257301,6.081924436,0.844040541,-231.14496,-62.8
364,,Bessie,Hirsch,7/30/97,Left,45984,391.7832177,3.012505547,-3.917832177,5.857,-730.7818864,495.020193,6.119082725,1057.940273,10.9274506,1.127045674,-242.45532,18.1
365,,Lillie,Gladden,7/21/97,Left,51258,359.3172351,-3.688339251,-3.593172351,7.04,-545.9042023,614.272334,-5.750565833,957.1111855,1.507101542,1.057625905,-249.47558,192.69
366,,Hugh,Lear,4/16/00,Right,48470,362.1338277,6.346387324,-3.621338277,4.888,-709.3072798,416.8039224,4.729752763,1060.188616,6.066884884,-0.080508633,-242.55581,13.46
367,,Kasey,Camara,8/11/99,Right,38973,364.3891546,4.730201645,-3.643891546,5.112,-300.2086089,,8.339483373,1029.03206,6.471819822,2.127414774,-241.14071,-20.32
368,,Chanda,Mcdade,5/19/01,Left,67545,275.9756702,-3.872032056,-2.759756702,5.077,-619.2945786,636.4257355,-6.606413953,967.6130667,2.41073925,1.521908053,-251.32835,190.76
369,,Olga,Crouch,5/16/99,Right,62824,380.3927365,3.421620411,-3.803927365,3.905,-566.2133518,404.2586705,9.186750039,1058.688521,8.592797183,0.785459968,-244.36896,-76.16
370,,Francesco,Steiner,9/6/99,Right,60037,,,4.161602126,-6.086,-593.1072947,389.490507,2.573482231,1060.590451,7.948541018,0.024107146,-252.03586,-46.9
371,,Mohamed,Harvey,5/22/98,Right,27141,586.8803052,-3.070028783,-5.868803052,7.657,-526.4040791,585.0477143,-6.795737801,938.2285186,0.205601946,0.609208898,-250.19702,244.96
372,,Rhonda,Tibbs,7/22/97,Left,47339,726.525293,-3.467905694,-7.26525293,5.513,-591.8825218,614.6739303,-5.891564889,941.3516068,2.856082185,-1.900607829,-253.77151,238.24
373,,Gale,Wilmoth,9/30/97,Left,57751,-405.6018653,5.250037433,4.056018653,5.715,266.5238052,659.6940916,7.483499495,1051.890383,11.44099125,-0.831431559,-230.18354,1.29
374,,Stephenie,Mesa,7/24/00,Left,61356,297.3477108,4.953354345,-2.973477108,5.002,-624.0258419,418.2311609,3.172393926,1060.206624,3.9945321,0.590736589,-243.83594,-5.1
375,,Sydney,Rosen,6/8/97,Left,83884,164.682571,5.419766706,-1.64682571,5.692,,413.1459098,-1.849452136,1090.625318,0.551655049,0.672104857,-245.23197,-0.02
376,,Williams,Reddy,12/26/99,Right,44625,-674.5250621,5.384972309,6.745250621,2.831,249.7927411,535.6136359,5.612732929,1028.022283,4.910270636,-0.398852914,-232.23301,-3.12
377,,Collin,Slaton,4/4/00,Right,67730,-444.6979896,-6.228201138,4.446979896,-6.951,-413.8225905,387.8274481,3.914832207,1054.446267,8.561106148,-1.310375296,-253.97717,-93.37
378,,Eloy,Cruz,3/10/00,Right,61157,263.4002726,-4.799531153,-2.634002726,5.268,-571.8396529,638.8260289,-6.695473576,937.9753013,,-0.347578816,-251.68137,211.41
379,,Doreen,Ferreira,3/29/01,Right,63499,-419.1191343,-9.68766228,4.191191343,-6.285,-310.1586453,392.3302686,6.938013912,1051.444196,11.34463969,0.169282002,-254.23222,-143.52
380,,Johnie,Cho,11/15/99,Right,17930,768.7703105,-5.699528159,-7.687703105,5.44,-433.9709934,550.0585558,-4.145359898,925.7273953,2.669567791,-0.158924743,-254.07461,219.71
381,,Von,Dupre,12/3/98,Right,47383,505.4756001,4.530756913,-5.054756001,2.915,-533.6400238,434.7247515,5.112212899,1048.924039,7.954527356,-0.149050874,-245.71696,22.61
382,,Griselda,Thompson,10/3/99,Right,56541,426.6377508,-4.884101638,-4.266377508,4.139,-886.9324807,603.3108674,-6.777474338,935.9714858,1.786262959,0.788245074,-255.01863,230.87
383,,Lottie,Miles,4/20/97,Right,37880,320.4009338,-7.084465169,-3.204009338,4.292,-410.4525922,589.5481197,-3.357029994,958.8794525,4.966800986,0.443371372,-251.77155,156.13
384,,Tony,Schwarz,2/27/99,Left,49297,367.4099857,-5.030704565,-3.674099857,5.039,-405.4132443,592.792887,-4.913445179,970.8281816,3.169027806,-0.647210093,-251.2456,161.46
385,,Margo,Milam,7/5/98,Left,53830,528.8933941,-3.229370575,-5.288933941,7.501,-286.8759397,618.769709,-4.615696279,965.9524291,2.296009479,-0.08521384,-249.14775,169.8
386,,Latonya,Amaya,8/19/97,Right,52151,-672.7796024,3.699605005,6.727796024,3.534,742.1342455,549.7832369,4.573940245,1048.59472,4.104647839,0.72061672,-231.79021,-49.41
387,,Ernesto,Soper,3/24/97,Right,55522,-462.6657921,5.238002971,4.626657921,5.501,653.9520226,629.484921,7.123052741,1076.271603,10.28162943,-0.081630695,-228.9608,-44.36
388,,Randell,Treadwell,4/13/97,Right,91534,186.655407,5.414912688,-1.86655407,4.744,-796.0645614,384.2360972,0.170263245,1085.109663,0.09223611,-1.317590674,-246.05342,-41.88
389,,Jeffry,Mccloskey,8/2/01,Right,51189,-378.2112513,4.82555538,3.782112513,5.982,515.286329,644.6315768,6.964533021,1061.185964,10.74362212,-0.511353083,-229.7299,-13.61
390,,Oliver,Heflin,4/15/99,Right,,-473.848195,-5.381594457,4.73848195,-3.445,-434.1944681,420.0054304,6.938229822,1023.032784,8.755956932,2.071070827,-248.9768,-83.78
391,,Graig,Padgett,5/2/99,Left,53411,541.5152184,4.824097874,-5.415152184,7.807,-503.966305,400.2127185,5.261891852,1051.727574,3.759272187,0.526711515,-242.68269,-27.14
392,,Melva,Chastain,10/26/01,Left,81491,398.4003774,3.257349208,-3.984003774,6.909,-402.3214724,388.0618593,1.894686222,,-0.617880708,-1.386635646,-245.76681,-59.14
393,,Ursula,Tyler,2/13/98,Left,70313,-581.7364343,,5.817364343,3.892,268.3013812,628.6451435,5.045303168,1007.445682,5.781133219,0.427484505,-234.21965,9.64
394,,Eddy,Hardison,5/14/01,Right,38245,-134.1920272,6.457299498,1.341920272,8.604,600.1925554,628.806025,2.888423281,1070.624635,7.35984607,0.160912422,-229.266,35.3
395,,Maria,Kidwell,2/6/99,Left,45857,-554.1819323,-5.647655354,5.541819323,-3.799,-591.7646505,392.9734198,7.048482058,1047.648405,10.40874913,1.882786467,-248.39978,-94.89
396,,Frederic,Koonce,11/11/97,Left,51842,632.23353,6.754861628,-6.3223353,3.294,-221.8483972,319.36025,3.921402182,1035.681313,-0.169740659,-1.074303347,-246.87982,-15.53
397,,Eugene,Peralta,11/14/98,Right,61982,292.1087379,5.234529833,-2.921087379,4.23,-787.0360495,433.259967,3.898159704,1069.79411,6.495579301,-2.286537395,-244.01333,1.25
398,,Allan,Bentley,10/13/98,Left,56020,-726.4185526,6.735581859,7.264185526,3.908,511.960762,613.3915138,7.244499045,1042.058804,7.554259282,-0.78881664,-228.2429,-18.27
399,,Clarence,Pope,7/26/99,Left,46452,-735.9397268,7.224871772,,2.889,,513.4574699,3.095942405,1035.331589,0.477165323,0.975627401,-230.70067,-8.78